rider_id,rider_name,sign_up
1,Rider_1,2023-03-27
2,Rider_2,2024-12-08
3,Rider_3,2023-03-31
4,Rider_4,2023-07-06
5,Rider_5,2023-12-11
6,Rider_6,2023-08-01
7,Rider_7,2023-03-08
8,Rider_8,2023-06-25
9,Rider_9,2024-10-10
10,Rider_10,2023-09-26
11,Rider_11,2023-11-03
12,Rider_12,2023-10-20
13,Rider_13,2024-07-12
14,Rider_14,2024-03-27
15,Rider_15,2024-03-06
16,Rider_16,2024-08-25
17,Rider_17,2023-04-24
18,Rider_18,2023-05-01
19,Rider_19,2023-10-24
20,Rider_20,2023-11-24
21,Rider_21,2023-12-19
22,Rider_22,2024-06-24
23,Rider_23,2024-01-05
24,Rider_24,2023-02-15
25,Rider_25,2023-05-14
26,Rider_26,2023-07-17
27,Rider_27,2023-02-09
28,Rider_28,2024-12-28
29,Rider_29,2023-06-17
30,Rider_30,2023-07-29
31,Rider_31,2024-06-26
32,Rider_32,2023-05-12
33,Rider_33,2023-01-13
34,Rider_34,2023-08-10
35,Rider_35,2023-11-23
36,Rider_36,2023-08-11
37,Rider_37,2024-12-15
38,Rider_38,2024-01-18
39,Rider_39,2023-10-16
40,Rider_40,2024-12-28
41,Rider_41,2023-10-28
42,Rider_42,2024-07-11
43,Rider_43,2023-10-12
44,Rider_44,2024-06-24
45,Rider_45,2024-03-09
46,Rider_46,2024-01-12
47,Rider_47,2023-06-05
48,Rider_48,2024-06-06
49,Rider_49,2024-03-16
50,Rider_50,2023-12-26
51,Rider_51,2024-12-17
52,Rider_52,2024-03-24
53,Rider_53,2024-11-06
54,Rider_54,2023-04-30
55,Rider_55,2023-03-13
56,Rider_56,2023-03-05
57,Rider_57,2023-06-26
58,Rider_58,2023-09-18
59,Rider_59,2024-09-12
60,Rider_60,2024-07-25
61,Rider_61,2024-04-28
62,Rider_62,2023-10-11
63,Rider_63,2023-01-15
64,Rider_64,2023-07-29
65,Rider_65,2024-12-25
66,Rider_66,2024-06-20
67,Rider_67,2023-08-26
68,Rider_68,2023-07-28
69,Rider_69,2023-04-23
70,Rider_70,2023-04-12
71,Rider_71,2023-04-05
72,Rider_72,2023-06-01
73,Rider_73,2023-11-09
74,Rider_74,2024-02-11
75,Rider_75,2024-05-18
76,Rider_76,2024-09-02
77,Rider_77,2023-06-04
78,Rider_78,2023-07-25
79,Rider_79,2023-12-05
80,Rider_80,2024-07-09
81,Rider_81,2023-02-28
82,Rider_82,2024-11-22
83,Rider_83,2023-06-22
84,Rider_84,2024-03-25
85,Rider_85,2023-07-24
86,Rider_86,2024-07-22
87,Rider_87,2024-03-12
88,Rider_88,2024-12-24
89,Rider_89,2023-04-24
90,Rider_90,2023-07-02
91,Rider_91,2023-08-17
92,Rider_92,2024-03-10
93,Rider_93,2023-10-28
94,Rider_94,2024-08-10
95,Rider_95,2024-05-31
96,Rider_96,2024-11-08
97,Rider_97,2023-07-11
98,Rider_98,2023-04-01
99,Rider_99,2024-07-03
100,Rider_100,2024-07-03
101,Rider_101,2024-01-12
102,Rider_102,2023-12-08
103,Rider_103,2024-01-16
104,Rider_104,2023-09-30
105,Rider_105,2024-08-31
106,Rider_106,2024-03-19
107,Rider_107,2023-01-30
108,Rider_108,2023-12-03
109,Rider_109,2023-03-18
110,Rider_110,2023-04-03
111,Rider_111,2024-09-29
112,Rider_112,2024-11-06
113,Rider_113,2023-10-14
114,Rider_114,2024-10-12
115,Rider_115,2024-10-01
116,Rider_116,2023-07-03
117,Rider_117,2024-06-18
118,Rider_118,2024-05-21
119,Rider_119,2023-02-21
120,Rider_120,2023-08-14
121,Rider_121,2024-12-24
122,Rider_122,2024-08-06
123,Rider_123,2023-06-28
124,Rider_124,2023-03-10
125,Rider_125,2024-07-06
126,Rider_126,2023-11-28
127,Rider_127,2023-11-09
128,Rider_128,2024-10-03
129,Rider_129,2024-10-20
130,Rider_130,2023-02-15
131,Rider_131,2023-01-02
132,Rider_132,2023-02-09
133,Rider_133,2024-02-27
134,Rider_134,2023-05-28
135,Rider_135,2024-08-30
136,Rider_136,2024-04-11
137,Rider_137,2023-12-05
138,Rider_138,2023-02-03
139,Rider_139,2024-07-15
140,Rider_140,2024-03-09
141,Rider_141,2024-08-22
142,Rider_142,2024-09-08
143,Rider_143,2023-07-19
144,Rider_144,2023-01-25
145,Rider_145,2023-11-19
146,Rider_146,2024-11-07
147,Rider_147,2024-05-30
148,Rider_148,2024-01-16
149,Rider_149,2023-03-17
150,Rider_150,2024-10-31
151,Rider_151,2023-02-02
152,Rider_152,2024-01-23
153,Rider_153,2023-03-06
154,Rider_154,2023-12-12
155,Rider_155,2023-02-22
156,Rider_156,2024-01-11
157,Rider_157,2023-08-15
158,Rider_158,2024-07-21
159,Rider_159,2023-09-24
160,Rider_160,2023-03-01
161,Rider_161,2024-08-09
162,Rider_162,2023-01-07
163,Rider_163,2024-11-09
164,Rider_164,2024-08-18
165,Rider_165,2023-12-23
166,Rider_166,2024-08-19
167,Rider_167,2023-02-06
168,Rider_168,2023-03-04
169,Rider_169,2024-08-08
170,Rider_170,2024-01-19
171,Rider_171,2023-09-28
172,Rider_172,2024-02-16
173,Rider_173,2024-07-07
174,Rider_174,2023-02-18
175,Rider_175,2023-07-23
176,Rider_176,2023-06-11
177,Rider_177,2023-04-15
178,Rider_178,2023-10-11
179,Rider_179,2024-08-16
180,Rider_180,2023-11-02
181,Rider_181,2023-04-07
182,Rider_182,2023-09-17
183,Rider_183,2023-11-02
184,Rider_184,2023-11-30
185,Rider_185,2023-06-03
186,Rider_186,2024-09-16
187,Rider_187,2024-08-31
188,Rider_188,2023-06-04
189,Rider_189,2023-08-20
190,Rider_190,2023-11-27
191,Rider_191,2023-10-09
192,Rider_192,2024-07-26
193,Rider_193,2024-01-05
194,Rider_194,2023-02-16
195,Rider_195,2024-07-29
196,Rider_196,2024-06-12
197,Rider_197,2023-11-22
198,Rider_198,2024-12-08
199,Rider_199,2023-02-17
200,Rider_200,2024-03-01
201,Rider_201,2024-09-13
202,Rider_202,2024-08-28
203,Rider_203,2023-02-12
204,Rider_204,2023-03-05
205,Rider_205,2023-06-28
206,Rider_206,2024-07-22
207,Rider_207,2024-05-03
208,Rider_208,2024-10-20
209,Rider_209,2024-11-08
210,Rider_210,2023-03-22
211,Rider_211,2024-09-10
212,Rider_212,2023-10-03
213,Rider_213,2023-12-02
214,Rider_214,2024-12-29
215,Rider_215,2023-06-03
216,Rider_216,2024-08-11
217,Rider_217,2023-05-23
218,Rider_218,2023-02-22
219,Rider_219,2023-05-13
220,Rider_220,2024-02-14
221,Rider_221,2023-08-11
222,Rider_222,2023-08-02
223,Rider_223,2024-11-01
224,Rider_224,2024-07-08
225,Rider_225,2024-11-22
226,Rider_226,2024-12-13
227,Rider_227,2024-07-26
228,Rider_228,2024-10-25
229,Rider_229,2023-05-01
230,Rider_230,2024-05-16
231,Rider_231,2023-06-06
232,Rider_232,2024-12-28
233,Rider_233,2023-06-17
234,Rider_234,2023-09-19
235,Rider_235,2024-10-24
236,Rider_236,2024-02-08
237,Rider_237,2024-08-24
238,Rider_238,2024-08-03
239,Rider_239,2024-02-08
240,Rider_240,2024-04-07
241,Rider_241,2024-12-30
242,Rider_242,2024-09-11
243,Rider_243,2024-10-23
244,Rider_244,2024-11-27
245,Rider_245,2023-02-24
246,Rider_246,2023-03-14
247,Rider_247,2023-09-06
248,Rider_248,2023-08-15
249,Rider_249,2023-11-15
250,Rider_250,2024-05-20
251,Rider_251,2023-03-31
252,Rider_252,2023-09-23
253,Rider_253,2023-12-03
254,Rider_254,2023-11-06
255,Rider_255,2024-05-11
256,Rider_256,2023-12-12
257,Rider_257,2023-12-22
258,Rider_258,2024-10-13
259,Rider_259,2024-12-19
260,Rider_260,2024-11-13
261,Rider_261,2023-08-07
262,Rider_262,2024-05-07
263,Rider_263,2023-09-21
264,Rider_264,2023-09-02
265,Rider_265,2024-09-02
266,Rider_266,2024-08-16
267,Rider_267,2023-09-01
268,Rider_268,2024-12-08
269,Rider_269,2024-05-23
270,Rider_270,2024-11-04
271,Rider_271,2023-11-10
272,Rider_272,2024-04-30
273,Rider_273,2023-08-22
274,Rider_274,2024-11-06
275,Rider_275,2024-06-22
276,Rider_276,2023-09-05
277,Rider_277,2023-05-28
278,Rider_278,2023-09-18
279,Rider_279,2024-07-30
280,Rider_280,2024-05-30
281,Rider_281,2023-05-27
282,Rider_282,2023-02-09
283,Rider_283,2024-12-15
284,Rider_284,2024-07-16
285,Rider_285,2023-05-30
286,Rider_286,2023-09-18
287,Rider_287,2023-01-16
288,Rider_288,2024-07-23
289,Rider_289,2023-08-25
290,Rider_290,2023-02-26
291,Rider_291,2024-02-23
292,Rider_292,2023-03-05
293,Rider_293,2023-05-04
294,Rider_294,2023-10-03
295,Rider_295,2024-04-29
296,Rider_296,2024-09-12
297,Rider_297,2024-06-14
298,Rider_298,2023-11-24
299,Rider_299,2023-07-07
300,Rider_300,2023-10-02
301,Rider_301,2024-11-20
302,Rider_302,2024-01-08
303,Rider_303,2023-06-04
304,Rider_304,2024-05-02
305,Rider_305,2024-09-11
306,Rider_306,2023-07-18
307,Rider_307,2023-05-29
308,Rider_308,2023-02-14
309,Rider_309,2023-04-16
310,Rider_310,2023-06-16
311,Rider_311,2023-05-01
312,Rider_312,2023-03-31
313,Rider_313,2023-03-29
314,Rider_314,2024-08-23
315,Rider_315,2024-07-20
316,Rider_316,2023-03-20
317,Rider_317,2023-03-13
318,Rider_318,2024-12-18
319,Rider_319,2024-11-27
320,Rider_320,2023-10-04
321,Rider_321,2024-11-27
322,Rider_322,2023-05-27
323,Rider_323,2024-10-09
324,Rider_324,2023-10-19
325,Rider_325,2023-12-19
326,Rider_326,2023-12-13
327,Rider_327,2024-11-09
328,Rider_328,2023-11-01
329,Rider_329,2024-05-24
330,Rider_330,2023-08-22
331,Rider_331,2023-06-15
332,Rider_332,2024-09-07
333,Rider_333,2024-09-23
334,Rider_334,2023-08-01
335,Rider_335,2023-08-17
336,Rider_336,2024-12-01
337,Rider_337,2023-08-23
338,Rider_338,2024-07-17
339,Rider_339,2024-10-21
340,Rider_340,2024-09-05
341,Rider_341,2023-07-28
342,Rider_342,2024-10-26
343,Rider_343,2024-07-14
344,Rider_344,2023-02-26
345,Rider_345,2024-08-10
346,Rider_346,2024-12-27
347,Rider_347,2023-08-09
348,Rider_348,2024-03-21
349,Rider_349,2023-09-21
350,Rider_350,2023-01-12
351,Rider_351,2024-01-09
352,Rider_352,2024-12-22
353,Rider_353,2023-11-08
354,Rider_354,2023-07-19
355,Rider_355,2024-12-14
356,Rider_356,2023-05-11
357,Rider_357,2024-11-23
358,Rider_358,2024-11-15
359,Rider_359,2024-07-19
360,Rider_360,2023-02-03
361,Rider_361,2024-04-01
362,Rider_362,2023-09-25
363,Rider_363,2023-12-22
364,Rider_364,2024-08-07
365,Rider_365,2024-09-27
366,Rider_366,2023-06-22
367,Rider_367,2023-05-13
368,Rider_368,2024-05-25
369,Rider_369,2024-11-17
370,Rider_370,2023-05-04
371,Rider_371,2023-02-11
372,Rider_372,2023-05-04
373,Rider_373,2024-03-13
374,Rider_374,2023-10-28
375,Rider_375,2024-02-05
376,Rider_376,2023-10-18
377,Rider_377,2024-11-20
378,Rider_378,2024-01-30
379,Rider_379,2023-04-09
380,Rider_380,2023-04-03
381,Rider_381,2023-01-23
382,Rider_382,2024-03-21
383,Rider_383,2024-08-16
384,Rider_384,2023-07-12
385,Rider_385,2024-12-20
386,Rider_386,2024-10-12
387,Rider_387,2023-02-15
388,Rider_388,2023-02-18
389,Rider_389,2024-11-27
390,Rider_390,2023-11-28
391,Rider_391,2023-06-10
392,Rider_392,2024-09-21
393,Rider_393,2024-07-27
394,Rider_394,2023-11-04
395,Rider_395,2024-08-22
396,Rider_396,2024-05-01
397,Rider_397,2024-04-25
398,Rider_398,2024-09-24
399,Rider_399,2024-12-23
400,Rider_400,2024-12-16
401,Rider_401,2024-07-31
402,Rider_402,2023-01-17
403,Rider_403,2024-07-28
404,Rider_404,2023-06-17
405,Rider_405,2024-12-27
406,Rider_406,2023-04-04
407,Rider_407,2023-03-06
408,Rider_408,2023-07-25
409,Rider_409,2023-06-01
410,Rider_410,2024-07-03
411,Rider_411,2024-10-21
412,Rider_412,2024-01-29
413,Rider_413,2024-05-09
414,Rider_414,2024-09-13
415,Rider_415,2024-09-16
416,Rider_416,2024-12-21
417,Rider_417,2023-08-16
418,Rider_418,2024-10-12
419,Rider_419,2024-03-13
420,Rider_420,2023-04-03
421,Rider_421,2024-08-10
422,Rider_422,2024-09-01
423,Rider_423,2023-05-21
424,Rider_424,2023-12-29
425,Rider_425,2024-07-05
426,Rider_426,2024-12-22
427,Rider_427,2023-01-26
428,Rider_428,2023-07-22
429,Rider_429,2023-03-17
430,Rider_430,2023-12-03
431,Rider_431,2024-05-26
432,Rider_432,2024-02-10
433,Rider_433,2023-07-22
434,Rider_434,2024-09-16
435,Rider_435,2023-03-10
436,Rider_436,2023-09-04
437,Rider_437,2024-08-09
438,Rider_438,2024-03-24
439,Rider_439,2024-03-31
440,Rider_440,2023-06-16
441,Rider_441,2023-04-25
442,Rider_442,2023-12-26
443,Rider_443,2023-05-13
444,Rider_444,2024-08-16
445,Rider_445,2024-10-07
446,Rider_446,2024-04-03
447,Rider_447,2023-04-10
448,Rider_448,2023-02-06
449,Rider_449,2023-10-30
450,Rider_450,2023-09-25
451,Rider_451,2023-07-11
452,Rider_452,2023-04-26
453,Rider_453,2023-10-20
454,Rider_454,2024-05-23
455,Rider_455,2024-12-30
456,Rider_456,2024-11-14
457,Rider_457,2024-09-16
458,Rider_458,2024-12-23
459,Rider_459,2024-02-27
460,Rider_460,2023-02-27
461,Rider_461,2024-02-25
462,Rider_462,2023-08-23
463,Rider_463,2023-01-30
464,Rider_464,2024-01-09
465,Rider_465,2023-12-05
466,Rider_466,2024-04-22
467,Rider_467,2023-11-23
468,Rider_468,2023-06-14
469,Rider_469,2023-12-20
470,Rider_470,2024-11-19
471,Rider_471,2023-10-01
472,Rider_472,2024-12-09
473,Rider_473,2023-01-11
474,Rider_474,2023-01-10
475,Rider_475,2023-05-21
476,Rider_476,2023-06-19
477,Rider_477,2023-01-26
478,Rider_478,2024-05-18
479,Rider_479,2024-05-26
480,Rider_480,2023-02-25
481,Rider_481,2024-05-23
482,Rider_482,2024-02-12
483,Rider_483,2023-07-01
484,Rider_484,2023-02-15
485,Rider_485,2023-08-11
486,Rider_486,2023-04-07
487,Rider_487,2024-11-19
488,Rider_488,2023-09-09
489,Rider_489,2024-01-24
490,Rider_490,2024-08-16
491,Rider_491,2023-11-13
492,Rider_492,2023-04-10
493,Rider_493,2024-07-19
494,Rider_494,2024-12-05
495,Rider_495,2024-10-03
496,Rider_496,2023-03-11
497,Rider_497,2023-10-31
498,Rider_498,2023-09-30
499,Rider_499,2023-02-09
500,Rider_500,2023-07-20
501,Rider_501,2024-05-10
502,Rider_502,2024-05-26
503,Rider_503,2024-07-03
504,Rider_504,2023-05-22
505,Rider_505,2023-01-22
506,Rider_506,2024-11-28
507,Rider_507,2024-02-08
508,Rider_508,2024-06-26
509,Rider_509,2024-10-25
510,Rider_510,2023-07-09
511,Rider_511,2024-06-13
512,Rider_512,2023-08-03
513,Rider_513,2024-02-21
514,Rider_514,2024-06-11
515,Rider_515,2023-10-19
516,Rider_516,2024-07-24
517,Rider_517,2024-06-14
518,Rider_518,2023-06-02
519,Rider_519,2024-02-05
520,Rider_520,2024-10-07
521,Rider_521,2023-08-12
522,Rider_522,2023-08-20
523,Rider_523,2023-02-15
524,Rider_524,2023-04-19
525,Rider_525,2023-07-17
526,Rider_526,2023-12-20
527,Rider_527,2023-06-08
528,Rider_528,2023-11-09
529,Rider_529,2023-07-28
530,Rider_530,2024-02-12
531,Rider_531,2023-10-01
532,Rider_532,2024-01-25
533,Rider_533,2023-02-07
534,Rider_534,2023-08-17
535,Rider_535,2024-01-19
536,Rider_536,2023-08-22
537,Rider_537,2023-10-06
538,Rider_538,2024-08-21
539,Rider_539,2024-08-20
540,Rider_540,2024-08-16
541,Rider_541,2023-08-04
542,Rider_542,2023-07-27
543,Rider_543,2023-05-25
544,Rider_544,2024-03-12
545,Rider_545,2023-04-13
546,Rider_546,2023-11-29
547,Rider_547,2023-03-25
548,Rider_548,2023-11-26
549,Rider_549,2024-09-23
550,Rider_550,2023-01-21
551,Rider_551,2024-12-01
552,Rider_552,2024-06-08
553,Rider_553,2023-04-28
554,Rider_554,2023-10-23
555,Rider_555,2023-07-21
556,Rider_556,2024-06-21
557,Rider_557,2023-04-01
558,Rider_558,2023-06-18
559,Rider_559,2023-02-06
560,Rider_560,2024-04-14
561,Rider_561,2023-08-11
562,Rider_562,2023-02-12
563,Rider_563,2024-02-03
564,Rider_564,2024-11-01
565,Rider_565,2024-04-16
566,Rider_566,2023-07-31
567,Rider_567,2024-08-22
568,Rider_568,2023-06-24
569,Rider_569,2024-12-29
570,Rider_570,2024-08-12
571,Rider_571,2023-04-03
572,Rider_572,2023-03-28
573,Rider_573,2023-01-08
574,Rider_574,2024-08-06
575,Rider_575,2024-12-08
576,Rider_576,2024-10-30
577,Rider_577,2024-05-01
578,Rider_578,2023-10-28
579,Rider_579,2023-06-24
580,Rider_580,2024-08-03
581,Rider_581,2023-06-25
582,Rider_582,2024-07-04
583,Rider_583,2024-09-26
584,Rider_584,2023-12-18
585,Rider_585,2023-04-29
586,Rider_586,2024-12-28
587,Rider_587,2023-07-02
588,Rider_588,2024-12-15
589,Rider_589,2024-07-09
590,Rider_590,2024-10-10
591,Rider_591,2023-07-11
592,Rider_592,2023-05-22
593,Rider_593,2023-02-04
594,Rider_594,2023-09-29
595,Rider_595,2023-10-25
596,Rider_596,2024-12-29
597,Rider_597,2023-09-29
598,Rider_598,2024-07-17
599,Rider_599,2023-10-17
600,Rider_600,2024-07-11
601,Rider_601,2024-08-21
602,Rider_602,2023-10-03
603,Rider_603,2024-09-08
604,Rider_604,2023-12-21
605,Rider_605,2024-02-08
606,Rider_606,2024-01-29
607,Rider_607,2024-05-23
608,Rider_608,2024-06-16
609,Rider_609,2023-11-30
610,Rider_610,2024-02-06
611,Rider_611,2024-03-08
612,Rider_612,2023-01-19
613,Rider_613,2023-01-11
614,Rider_614,2024-07-12
615,Rider_615,2023-07-15
616,Rider_616,2023-08-04
617,Rider_617,2024-05-25
618,Rider_618,2024-09-28
619,Rider_619,2024-01-06
620,Rider_620,2023-03-23
621,Rider_621,2024-09-19
622,Rider_622,2023-11-17
623,Rider_623,2023-12-08
624,Rider_624,2023-04-15
625,Rider_625,2024-06-13
626,Rider_626,2024-11-16
627,Rider_627,2023-02-08
628,Rider_628,2024-07-19
629,Rider_629,2023-06-08
630,Rider_630,2024-08-21
631,Rider_631,2024-02-12
632,Rider_632,2023-05-02
633,Rider_633,2024-02-16
634,Rider_634,2023-12-20
635,Rider_635,2024-10-28
636,Rider_636,2023-04-07
637,Rider_637,2023-04-12
638,Rider_638,2024-03-26
639,Rider_639,2023-08-10
640,Rider_640,2024-02-07
641,Rider_641,2024-08-27
642,Rider_642,2024-08-29
643,Rider_643,2023-03-16
644,Rider_644,2024-09-06
645,Rider_645,2023-07-15
646,Rider_646,2024-01-07
647,Rider_647,2024-03-04
648,Rider_648,2024-07-26
649,Rider_649,2024-02-09
650,Rider_650,2024-03-15
651,Rider_651,2024-04-17
652,Rider_652,2024-11-20
653,Rider_653,2023-11-08
654,Rider_654,2024-07-13
655,Rider_655,2024-12-18
656,Rider_656,2023-12-17
657,Rider_657,2024-08-16
658,Rider_658,2023-09-20
659,Rider_659,2024-04-22
660,Rider_660,2024-08-14
661,Rider_661,2024-10-05
662,Rider_662,2024-03-10
663,Rider_663,2024-02-07
664,Rider_664,2023-07-26
665,Rider_665,2023-11-21
666,Rider_666,2024-12-11
667,Rider_667,2024-12-15
668,Rider_668,2024-12-14
669,Rider_669,2023-06-02
670,Rider_670,2023-06-03
671,Rider_671,2024-03-06
672,Rider_672,2023-03-03
673,Rider_673,2023-11-19
674,Rider_674,2024-11-29
675,Rider_675,2024-03-23
676,Rider_676,2023-03-26
677,Rider_677,2024-09-27
678,Rider_678,2023-04-09
679,Rider_679,2024-12-14
680,Rider_680,2024-12-18
681,Rider_681,2023-04-25
682,Rider_682,2024-07-18
683,Rider_683,2024-04-26
684,Rider_684,2023-03-14
685,Rider_685,2023-07-16
686,Rider_686,2024-09-04
687,Rider_687,2023-02-27
688,Rider_688,2023-10-02
689,Rider_689,2024-08-21
690,Rider_690,2023-06-01
691,Rider_691,2024-10-16
692,Rider_692,2023-09-18
693,Rider_693,2023-04-16
694,Rider_694,2023-12-24
695,Rider_695,2024-10-28
696,Rider_696,2023-07-17
697,Rider_697,2024-01-06
698,Rider_698,2023-08-24
699,Rider_699,2024-07-30
700,Rider_700,2024-01-09
701,Rider_701,2023-03-27
702,Rider_702,2023-09-04
703,Rider_703,2023-11-02
704,Rider_704,2024-05-20
705,Rider_705,2023-11-26
706,Rider_706,2024-09-13
707,Rider_707,2023-05-19
708,Rider_708,2024-12-14
709,Rider_709,2023-06-19
710,Rider_710,2024-08-25
711,Rider_711,2024-01-04
712,Rider_712,2024-06-04
713,Rider_713,2024-08-29
714,Rider_714,2024-11-22
715,Rider_715,2023-02-08
716,Rider_716,2024-05-30
717,Rider_717,2024-03-16
718,Rider_718,2024-10-16
719,Rider_719,2024-01-22
720,Rider_720,2023-10-24
721,Rider_721,2024-08-09
722,Rider_722,2023-12-04
723,Rider_723,2023-05-11
724,Rider_724,2023-03-09
725,Rider_725,2023-11-24
726,Rider_726,2023-02-04
727,Rider_727,2024-07-17
728,Rider_728,2023-12-06
729,Rider_729,2024-05-05
730,Rider_730,2024-07-16
731,Rider_731,2023-09-30
732,Rider_732,2024-07-26
733,Rider_733,2024-12-13
734,Rider_734,2023-01-31
735,Rider_735,2024-01-30
736,Rider_736,2023-11-19
737,Rider_737,2024-11-02
738,Rider_738,2023-09-13
739,Rider_739,2023-07-14
740,Rider_740,2024-02-05
741,Rider_741,2024-05-23
742,Rider_742,2024-02-29
743,Rider_743,2023-07-17
744,Rider_744,2024-03-10
745,Rider_745,2024-04-23
746,Rider_746,2024-12-05
747,Rider_747,2024-10-29
748,Rider_748,2023-08-06
749,Rider_749,2024-05-03
750,Rider_750,2023-10-30
751,Rider_751,2024-10-25
752,Rider_752,2023-05-26
753,Rider_753,2024-02-25
754,Rider_754,2023-09-26
755,Rider_755,2024-11-03
756,Rider_756,2024-08-16
757,Rider_757,2024-12-23
758,Rider_758,2023-11-09
759,Rider_759,2023-06-25
760,Rider_760,2023-03-11
761,Rider_761,2024-11-16
762,Rider_762,2024-10-04
763,Rider_763,2023-08-06
764,Rider_764,2023-02-05
765,Rider_765,2023-12-05
766,Rider_766,2023-01-10
767,Rider_767,2023-07-31
768,Rider_768,2024-02-08
769,Rider_769,2024-07-08
770,Rider_770,2024-12-11
771,Rider_771,2024-01-31
772,Rider_772,2024-05-13
773,Rider_773,2024-01-10
774,Rider_774,2024-11-02
775,Rider_775,2023-09-21
776,Rider_776,2023-11-15
777,Rider_777,2024-01-14
778,Rider_778,2024-08-25
779,Rider_779,2023-10-16
780,Rider_780,2024-08-18
781,Rider_781,2024-03-14
782,Rider_782,2024-08-11
783,Rider_783,2024-09-06
784,Rider_784,2023-10-28
785,Rider_785,2024-11-05
786,Rider_786,2024-12-01
787,Rider_787,2023-03-22
788,Rider_788,2024-12-28
789,Rider_789,2023-09-12
790,Rider_790,2024-11-08
791,Rider_791,2023-12-02
792,Rider_792,2024-10-03
793,Rider_793,2024-12-04
794,Rider_794,2024-09-26
795,Rider_795,2024-03-15
796,Rider_796,2024-05-14
797,Rider_797,2023-05-08
798,Rider_798,2024-02-18
799,Rider_799,2023-12-26
800,Rider_800,2023-12-24
801,Rider_801,2024-02-03
802,Rider_802,2024-12-17
803,Rider_803,2023-04-11
804,Rider_804,2023-05-20
805,Rider_805,2023-08-10
806,Rider_806,2024-11-05
807,Rider_807,2024-02-13
808,Rider_808,2024-01-25
809,Rider_809,2023-01-15
810,Rider_810,2023-12-05
811,Rider_811,2023-10-22
812,Rider_812,2023-01-12
813,Rider_813,2024-11-07
814,Rider_814,2024-06-01
815,Rider_815,2023-07-18
816,Rider_816,2024-10-23
817,Rider_817,2023-09-13
818,Rider_818,2023-01-15
819,Rider_819,2023-09-14
820,Rider_820,2023-08-09
821,Rider_821,2023-04-12
822,Rider_822,2023-11-14
823,Rider_823,2024-11-22
824,Rider_824,2024-06-04
825,Rider_825,2023-07-02
826,Rider_826,2024-11-18
827,Rider_827,2023-08-28
828,Rider_828,2023-11-14
829,Rider_829,2024-10-02
830,Rider_830,2023-02-10
831,Rider_831,2024-01-12
832,Rider_832,2023-03-23
833,Rider_833,2023-01-02
834,Rider_834,2024-06-08
835,Rider_835,2024-09-18
836,Rider_836,2023-01-30
837,Rider_837,2024-09-14
838,Rider_838,2023-03-26
839,Rider_839,2023-04-23
840,Rider_840,2024-06-15
841,Rider_841,2023-08-16
842,Rider_842,2023-11-06
843,Rider_843,2024-02-26
844,Rider_844,2023-09-05
845,Rider_845,2023-11-21
846,Rider_846,2023-02-26
847,Rider_847,2024-05-16
848,Rider_848,2023-01-16
849,Rider_849,2024-09-14
850,Rider_850,2024-02-22
851,Rider_851,2024-12-21
852,Rider_852,2024-02-18
853,Rider_853,2023-12-31
854,Rider_854,2023-07-09
855,Rider_855,2024-03-08
856,Rider_856,2024-07-29
857,Rider_857,2023-08-07
858,Rider_858,2024-03-19
859,Rider_859,2024-06-04
860,Rider_860,2023-06-14
861,Rider_861,2024-01-08
862,Rider_862,2024-05-19
863,Rider_863,2023-03-06
864,Rider_864,2024-07-02
865,Rider_865,2023-12-23
866,Rider_866,2023-06-16
867,Rider_867,2023-04-25
868,Rider_868,2023-08-21
869,Rider_869,2024-08-24
870,Rider_870,2024-01-24
871,Rider_871,2023-05-06
872,Rider_872,2023-08-15
873,Rider_873,2023-01-03
874,Rider_874,2024-12-09
875,Rider_875,2023-06-02
876,Rider_876,2024-07-20
877,Rider_877,2023-01-08
878,Rider_878,2024-06-22
879,Rider_879,2023-06-16
880,Rider_880,2023-08-31
881,Rider_881,2024-02-08
882,Rider_882,2023-08-11
883,Rider_883,2024-03-21
884,Rider_884,2024-07-25
885,Rider_885,2024-03-16
886,Rider_886,2023-08-14
887,Rider_887,2023-01-06
888,Rider_888,2024-11-27
889,Rider_889,2024-10-15
890,Rider_890,2024-05-04
891,Rider_891,2023-02-04
892,Rider_892,2023-07-14
893,Rider_893,2024-03-23
894,Rider_894,2024-05-13
895,Rider_895,2023-06-12
896,Rider_896,2024-10-05
897,Rider_897,2023-01-29
898,Rider_898,2023-08-22
899,Rider_899,2024-02-13
900,Rider_900,2024-07-28
901,Rider_901,2023-03-13
902,Rider_902,2023-02-07
903,Rider_903,2023-05-07
904,Rider_904,2023-07-18
905,Rider_905,2024-12-06
906,Rider_906,2024-11-16
907,Rider_907,2024-05-19
908,Rider_908,2023-09-23
909,Rider_909,2023-08-31
910,Rider_910,2023-08-31
911,Rider_911,2024-09-25
912,Rider_912,2023-11-18
913,Rider_913,2023-03-26
914,Rider_914,2023-09-12
915,Rider_915,2024-01-29
916,Rider_916,2023-05-12
917,Rider_917,2024-01-24
918,Rider_918,2023-07-01
919,Rider_919,2024-01-25
920,Rider_920,2023-06-26
921,Rider_921,2023-01-20
922,Rider_922,2024-06-28
923,Rider_923,2024-02-25
924,Rider_924,2024-01-15
925,Rider_925,2024-04-20
926,Rider_926,2023-05-30
927,Rider_927,2024-09-26
928,Rider_928,2024-06-10
929,Rider_929,2023-10-11
930,Rider_930,2024-03-26
931,Rider_931,2023-03-11
932,Rider_932,2023-04-21
933,Rider_933,2024-10-18
934,Rider_934,2023-06-30
935,Rider_935,2023-06-13
936,Rider_936,2024-04-30
937,Rider_937,2023-04-28
938,Rider_938,2023-07-28
939,Rider_939,2023-09-02
940,Rider_940,2024-12-14
941,Rider_941,2023-02-18
942,Rider_942,2024-10-02
943,Rider_943,2023-07-17
944,Rider_944,2024-07-13
945,Rider_945,2023-10-04
946,Rider_946,2023-07-16
947,Rider_947,2023-06-15
948,Rider_948,2024-10-23
949,Rider_949,2024-08-24
950,Rider_950,2024-12-08
951,Rider_951,2023-10-22
952,Rider_952,2023-04-27
953,Rider_953,2024-12-24
954,Rider_954,2023-04-15
955,Rider_955,2023-07-05
956,Rider_956,2024-02-25
957,Rider_957,2024-03-23
958,Rider_958,2024-09-11
959,Rider_959,2024-05-06
960,Rider_960,2024-08-13
961,Rider_961,2023-04-19
962,Rider_962,2024-06-08
963,Rider_963,2024-02-15
964,Rider_964,2023-08-04
965,Rider_965,2023-03-14
966,Rider_966,2023-02-13
967,Rider_967,2023-10-23
968,Rider_968,2024-03-18
969,Rider_969,2024-06-06
970,Rider_970,2023-01-13
971,Rider_971,2024-02-16
972,Rider_972,2024-01-16
973,Rider_973,2023-10-14
974,Rider_974,2024-10-29
975,Rider_975,2023-03-11
976,Rider_976,2024-07-20
977,Rider_977,2023-04-11
978,Rider_978,2023-01-30
979,Rider_979,2023-03-05
980,Rider_980,2023-01-08
981,Rider_981,2023-05-08
982,Rider_982,2024-07-21
983,Rider_983,2023-09-09
984,Rider_984,2024-03-03
985,Rider_985,2023-10-31
986,Rider_986,2023-07-23
987,Rider_987,2024-10-31
988,Rider_988,2024-04-16
989,Rider_989,2024-11-17
990,Rider_990,2023-02-05
991,Rider_991,2023-12-11
992,Rider_992,2023-05-12
993,Rider_993,2023-08-17
994,Rider_994,2024-08-07
995,Rider_995,2024-03-30
996,Rider_996,2024-02-04
997,Rider_997,2024-12-24
998,Rider_998,2023-03-23
999,Rider_999,2024-10-30
1000,Rider_1000,2024-01-08
1001,Rider_1001,2023-07-06
1002,Rider_1002,2023-11-27
1003,Rider_1003,2024-05-20
1004,Rider_1004,2024-09-25
1005,Rider_1005,2023-07-30
1006,Rider_1006,2023-12-04
1007,Rider_1007,2023-11-30
1008,Rider_1008,2023-05-08
1009,Rider_1009,2024-07-07
1010,Rider_1010,2023-12-01
1011,Rider_1011,2023-06-15
1012,Rider_1012,2024-04-27
1013,Rider_1013,2023-10-02
1014,Rider_1014,2024-09-07
1015,Rider_1015,2023-08-09
1016,Rider_1016,2024-02-27
1017,Rider_1017,2023-12-17
1018,Rider_1018,2023-10-05
1019,Rider_1019,2023-05-02
1020,Rider_1020,2024-08-01
1021,Rider_1021,2023-04-15
1022,Rider_1022,2024-10-14
1023,Rider_1023,2023-06-16
1024,Rider_1024,2024-11-16
1025,Rider_1025,2024-09-25
1026,Rider_1026,2023-10-17
1027,Rider_1027,2024-11-14
1028,Rider_1028,2023-08-10
1029,Rider_1029,2023-09-28
1030,Rider_1030,2024-10-07
1031,Rider_1031,2024-10-13
1032,Rider_1032,2023-05-05
1033,Rider_1033,2024-12-14
1034,Rider_1034,2023-06-14
1035,Rider_1035,2024-10-31
1036,Rider_1036,2023-09-23
1037,Rider_1037,2023-01-19
1038,Rider_1038,2024-05-19
1039,Rider_1039,2023-11-21
1040,Rider_1040,2024-10-01
1041,Rider_1041,2024-05-10
1042,Rider_1042,2024-08-28
1043,Rider_1043,2024-03-11
1044,Rider_1044,2023-01-28
1045,Rider_1045,2023-03-21
1046,Rider_1046,2023-11-12
1047,Rider_1047,2024-05-16
1048,Rider_1048,2024-12-20
1049,Rider_1049,2023-04-03
1050,Rider_1050,2024-09-22
1051,Rider_1051,2024-07-16
1052,Rider_1052,2024-04-18
1053,Rider_1053,2024-04-17
1054,Rider_1054,2023-05-11
1055,Rider_1055,2024-04-15
1056,Rider_1056,2024-11-24
1057,Rider_1057,2024-07-09
1058,Rider_1058,2024-03-09
1059,Rider_1059,2023-07-31
1060,Rider_1060,2023-03-19
1061,Rider_1061,2024-12-26
1062,Rider_1062,2024-05-15
1063,Rider_1063,2023-01-24
1064,Rider_1064,2024-09-06
1065,Rider_1065,2023-11-29
1066,Rider_1066,2023-11-28
1067,Rider_1067,2024-12-11
1068,Rider_1068,2024-04-25
1069,Rider_1069,2023-02-05
1070,Rider_1070,2024-09-18
1071,Rider_1071,2023-01-19
1072,Rider_1072,2024-05-09
1073,Rider_1073,2023-07-24
1074,Rider_1074,2023-01-09
1075,Rider_1075,2024-11-18
1076,Rider_1076,2023-12-11
1077,Rider_1077,2024-09-02
1078,Rider_1078,2024-03-28
1079,Rider_1079,2023-06-22
1080,Rider_1080,2024-08-23
1081,Rider_1081,2024-08-30
1082,Rider_1082,2023-03-01
1083,Rider_1083,2023-03-18
1084,Rider_1084,2023-01-29
1085,Rider_1085,2024-07-28
1086,Rider_1086,2023-12-11
1087,Rider_1087,2024-08-14
1088,Rider_1088,2023-09-29
1089,Rider_1089,2023-07-16
1090,Rider_1090,2024-11-22
1091,Rider_1091,2024-09-08
1092,Rider_1092,2024-04-21
1093,Rider_1093,2024-02-26
1094,Rider_1094,2024-01-01
1095,Rider_1095,2024-08-02
1096,Rider_1096,2023-11-08
1097,Rider_1097,2023-02-21
1098,Rider_1098,2023-02-15
1099,Rider_1099,2024-05-07
1100,Rider_1100,2024-07-08
1101,Rider_1101,2024-04-13
1102,Rider_1102,2024-03-13
1103,Rider_1103,2023-05-27
1104,Rider_1104,2024-09-10
1105,Rider_1105,2024-07-09
1106,Rider_1106,2024-10-25
1107,Rider_1107,2024-11-26
1108,Rider_1108,2023-06-06
1109,Rider_1109,2023-02-09
1110,Rider_1110,2024-02-09
1111,Rider_1111,2024-04-26
1112,Rider_1112,2023-11-04
1113,Rider_1113,2023-03-14
1114,Rider_1114,2023-07-31
1115,Rider_1115,2023-09-28
1116,Rider_1116,2023-09-20
1117,Rider_1117,2024-01-06
1118,Rider_1118,2023-12-13
1119,Rider_1119,2023-07-20
1120,Rider_1120,2024-10-17
1121,Rider_1121,2024-09-19
1122,Rider_1122,2024-10-04
1123,Rider_1123,2023-08-01
1124,Rider_1124,2024-08-17
1125,Rider_1125,2023-12-02
1126,Rider_1126,2023-10-25
1127,Rider_1127,2023-07-30
1128,Rider_1128,2024-03-21
1129,Rider_1129,2024-04-14
1130,Rider_1130,2023-12-27
1131,Rider_1131,2023-05-29
1132,Rider_1132,2023-09-01
1133,Rider_1133,2024-02-02
1134,Rider_1134,2023-01-09
1135,Rider_1135,2023-04-17
1136,Rider_1136,2023-07-02
1137,Rider_1137,2023-09-15
1138,Rider_1138,2023-03-07
1139,Rider_1139,2024-05-13
1140,Rider_1140,2024-12-14
1141,Rider_1141,2024-12-07
1142,Rider_1142,2023-10-10
1143,Rider_1143,2023-11-16
1144,Rider_1144,2023-02-05
1145,Rider_1145,2023-08-06
1146,Rider_1146,2023-08-13
1147,Rider_1147,2024-11-07
1148,Rider_1148,2024-04-14
1149,Rider_1149,2024-02-25
1150,Rider_1150,2023-10-31
1151,Rider_1151,2023-10-18
1152,Rider_1152,2024-09-29
1153,Rider_1153,2023-05-29
1154,Rider_1154,2023-12-18
1155,Rider_1155,2023-07-06
1156,Rider_1156,2023-06-03
1157,Rider_1157,2023-03-14
1158,Rider_1158,2024-02-13
1159,Rider_1159,2024-02-27
1160,Rider_1160,2023-05-12
1161,Rider_1161,2024-04-16
1162,Rider_1162,2023-03-02
1163,Rider_1163,2023-06-05
1164,Rider_1164,2024-11-19
1165,Rider_1165,2024-06-16
1166,Rider_1166,2023-10-11
1167,Rider_1167,2023-02-26
1168,Rider_1168,2024-04-06
1169,Rider_1169,2023-06-28
1170,Rider_1170,2024-10-15
1171,Rider_1171,2023-09-05
1172,Rider_1172,2024-04-09
1173,Rider_1173,2023-06-07
1174,Rider_1174,2024-09-05
1175,Rider_1175,2023-10-11
1176,Rider_1176,2023-02-12
1177,Rider_1177,2024-12-05
1178,Rider_1178,2023-09-03
1179,Rider_1179,2024-02-08
1180,Rider_1180,2024-02-06
1181,Rider_1181,2023-11-17
1182,Rider_1182,2024-03-29
1183,Rider_1183,2023-03-06
1184,Rider_1184,2023-02-17
1185,Rider_1185,2024-03-01
1186,Rider_1186,2023-05-24
1187,Rider_1187,2024-04-24
1188,Rider_1188,2024-08-17
1189,Rider_1189,2024-01-03
1190,Rider_1190,2024-05-10
1191,Rider_1191,2024-02-10
1192,Rider_1192,2023-07-08
1193,Rider_1193,2023-12-18
1194,Rider_1194,2024-09-12
1195,Rider_1195,2023-10-02
1196,Rider_1196,2024-11-24
1197,Rider_1197,2024-11-18
1198,Rider_1198,2023-05-13
1199,Rider_1199,2023-04-30
1200,Rider_1200,2024-01-22
1201,Rider_1201,2023-01-01
1202,Rider_1202,2024-06-10
1203,Rider_1203,2023-04-06
1204,Rider_1204,2023-07-14
1205,Rider_1205,2024-12-31
1206,Rider_1206,2024-12-05
1207,Rider_1207,2024-09-07
1208,Rider_1208,2023-11-19
1209,Rider_1209,2023-04-04
1210,Rider_1210,2023-08-07
1211,Rider_1211,2023-03-24
1212,Rider_1212,2023-05-24
1213,Rider_1213,2023-07-21
1214,Rider_1214,2024-01-25
1215,Rider_1215,2024-01-22
1216,Rider_1216,2024-02-08
1217,Rider_1217,2024-04-10
1218,Rider_1218,2023-07-24
1219,Rider_1219,2023-01-25
1220,Rider_1220,2024-06-07
1221,Rider_1221,2023-08-08
1222,Rider_1222,2023-03-27
1223,Rider_1223,2023-01-18
1224,Rider_1224,2023-07-27
1225,Rider_1225,2024-12-16
1226,Rider_1226,2024-07-11
1227,Rider_1227,2024-02-06
1228,Rider_1228,2023-09-23
1229,Rider_1229,2024-11-01
1230,Rider_1230,2024-09-11
1231,Rider_1231,2024-12-27
1232,Rider_1232,2023-08-16
1233,Rider_1233,2023-04-15
1234,Rider_1234,2023-08-09
1235,Rider_1235,2024-10-04
1236,Rider_1236,2023-08-07
1237,Rider_1237,2024-12-05
1238,Rider_1238,2023-04-19
1239,Rider_1239,2023-06-27
1240,Rider_1240,2024-06-29
1241,Rider_1241,2023-02-15
1242,Rider_1242,2023-05-22
1243,Rider_1243,2023-09-17
1244,Rider_1244,2023-10-11
1245,Rider_1245,2023-01-14
1246,Rider_1246,2023-02-02
1247,Rider_1247,2024-10-15
1248,Rider_1248,2024-01-03
1249,Rider_1249,2024-12-20
1250,Rider_1250,2023-09-24
1251,Rider_1251,2024-03-10
1252,Rider_1252,2023-04-23
1253,Rider_1253,2024-04-17
1254,Rider_1254,2024-05-25
1255,Rider_1255,2024-03-13
1256,Rider_1256,2024-07-10
1257,Rider_1257,2024-11-28
1258,Rider_1258,2024-01-25
1259,Rider_1259,2024-04-28
1260,Rider_1260,2024-10-01
1261,Rider_1261,2024-09-30
1262,Rider_1262,2024-02-17
1263,Rider_1263,2023-03-11
1264,Rider_1264,2024-07-31
1265,Rider_1265,2023-10-16
1266,Rider_1266,2024-02-27
1267,Rider_1267,2024-09-16
1268,Rider_1268,2024-01-29
1269,Rider_1269,2023-02-02
1270,Rider_1270,2023-08-12
1271,Rider_1271,2024-03-23
1272,Rider_1272,2024-11-11
1273,Rider_1273,2024-03-13
1274,Rider_1274,2023-01-15
1275,Rider_1275,2023-05-05
1276,Rider_1276,2024-09-08
1277,Rider_1277,2024-06-04
1278,Rider_1278,2023-05-27
1279,Rider_1279,2023-09-04
1280,Rider_1280,2024-11-21
1281,Rider_1281,2024-11-12
1282,Rider_1282,2023-01-05
1283,Rider_1283,2023-06-25
1284,Rider_1284,2023-08-13
1285,Rider_1285,2023-09-25
1286,Rider_1286,2023-03-11
1287,Rider_1287,2023-11-11
1288,Rider_1288,2023-06-29
1289,Rider_1289,2024-01-25
1290,Rider_1290,2023-07-26
1291,Rider_1291,2023-11-04
1292,Rider_1292,2023-01-08
1293,Rider_1293,2023-08-25
1294,Rider_1294,2024-05-21
1295,Rider_1295,2024-02-20
1296,Rider_1296,2023-06-09
1297,Rider_1297,2024-07-23
1298,Rider_1298,2023-01-07
1299,Rider_1299,2024-03-18
1300,Rider_1300,2024-05-31
1301,Rider_1301,2024-03-24
1302,Rider_1302,2023-10-28
1303,Rider_1303,2024-05-30
1304,Rider_1304,2023-07-29
1305,Rider_1305,2023-03-17
1306,Rider_1306,2023-02-13
1307,Rider_1307,2023-12-12
1308,Rider_1308,2024-09-16
1309,Rider_1309,2023-08-12
1310,Rider_1310,2023-11-12
1311,Rider_1311,2023-10-17
1312,Rider_1312,2023-08-25
1313,Rider_1313,2024-03-08
1314,Rider_1314,2023-03-15
1315,Rider_1315,2023-11-15
1316,Rider_1316,2023-09-18
1317,Rider_1317,2024-04-18
1318,Rider_1318,2024-04-19
1319,Rider_1319,2023-10-07
1320,Rider_1320,2023-01-25
1321,Rider_1321,2023-10-25
1322,Rider_1322,2023-05-27
1323,Rider_1323,2024-09-01
1324,Rider_1324,2023-03-09
1325,Rider_1325,2023-09-19
1326,Rider_1326,2023-12-19
1327,Rider_1327,2024-02-06
1328,Rider_1328,2024-04-01
1329,Rider_1329,2024-12-22
1330,Rider_1330,2024-11-14
1331,Rider_1331,2024-03-09
1332,Rider_1332,2023-09-05
1333,Rider_1333,2023-10-22
1334,Rider_1334,2024-04-01
1335,Rider_1335,2023-12-23
1336,Rider_1336,2023-11-30
1337,Rider_1337,2024-07-13
1338,Rider_1338,2023-08-08
1339,Rider_1339,2024-07-11
1340,Rider_1340,2023-09-09
1341,Rider_1341,2023-08-07
1342,Rider_1342,2024-09-01
1343,Rider_1343,2023-03-07
1344,Rider_1344,2024-11-26
1345,Rider_1345,2024-12-08
1346,Rider_1346,2024-11-02
1347,Rider_1347,2023-07-25
1348,Rider_1348,2024-12-11
1349,Rider_1349,2024-04-01
1350,Rider_1350,2023-05-09
1351,Rider_1351,2023-05-27
1352,Rider_1352,2024-07-04
1353,Rider_1353,2023-06-10
1354,Rider_1354,2023-04-13
1355,Rider_1355,2023-02-05
1356,Rider_1356,2024-01-27
1357,Rider_1357,2024-08-14
1358,Rider_1358,2024-03-21
1359,Rider_1359,2023-05-09
1360,Rider_1360,2023-11-12
1361,Rider_1361,2023-06-20
1362,Rider_1362,2024-09-22
1363,Rider_1363,2023-01-07
1364,Rider_1364,2024-02-08
1365,Rider_1365,2024-04-17
1366,Rider_1366,2024-08-07
1367,Rider_1367,2023-03-30
1368,Rider_1368,2024-11-16
1369,Rider_1369,2023-05-19
1370,Rider_1370,2023-04-19
1371,Rider_1371,2024-06-14
1372,Rider_1372,2023-01-25
1373,Rider_1373,2024-05-01
1374,Rider_1374,2023-08-14
1375,Rider_1375,2024-01-12
1376,Rider_1376,2023-09-03
1377,Rider_1377,2023-07-20
1378,Rider_1378,2024-06-11
1379,Rider_1379,2024-03-22
1380,Rider_1380,2024-10-10
1381,Rider_1381,2024-04-04
1382,Rider_1382,2023-09-25
1383,Rider_1383,2024-01-12
1384,Rider_1384,2024-01-03
1385,Rider_1385,2024-09-18
1386,Rider_1386,2024-11-06
1387,Rider_1387,2023-03-06
1388,Rider_1388,2023-01-10
1389,Rider_1389,2024-10-03
1390,Rider_1390,2023-08-26
1391,Rider_1391,2023-02-12
1392,Rider_1392,2024-05-26
1393,Rider_1393,2024-11-03
1394,Rider_1394,2024-04-26
1395,Rider_1395,2023-02-02
1396,Rider_1396,2023-04-08
1397,Rider_1397,2024-04-13
1398,Rider_1398,2023-02-24
1399,Rider_1399,2023-06-18
1400,Rider_1400,2023-02-21
1401,Rider_1401,2023-06-04
1402,Rider_1402,2024-04-26
1403,Rider_1403,2024-06-25
1404,Rider_1404,2023-08-12
1405,Rider_1405,2024-02-09
1406,Rider_1406,2024-05-12
1407,Rider_1407,2023-06-06
1408,Rider_1408,2024-03-12
1409,Rider_1409,2024-12-27
1410,Rider_1410,2024-02-19
1411,Rider_1411,2024-12-10
1412,Rider_1412,2023-01-19
1413,Rider_1413,2024-05-29
1414,Rider_1414,2024-10-12
1415,Rider_1415,2024-03-31
1416,Rider_1416,2023-09-06
1417,Rider_1417,2023-04-24
1418,Rider_1418,2023-06-05
1419,Rider_1419,2023-03-16
1420,Rider_1420,2023-08-25
1421,Rider_1421,2023-12-04
1422,Rider_1422,2023-07-22
1423,Rider_1423,2023-11-20
1424,Rider_1424,2024-02-17
1425,Rider_1425,2024-02-10
1426,Rider_1426,2023-10-25
1427,Rider_1427,2024-05-11
1428,Rider_1428,2024-01-09
1429,Rider_1429,2023-02-15
1430,Rider_1430,2024-01-22
1431,Rider_1431,2024-02-06
1432,Rider_1432,2023-10-10
1433,Rider_1433,2024-06-29
1434,Rider_1434,2024-05-17
1435,Rider_1435,2024-05-20
1436,Rider_1436,2023-03-22
1437,Rider_1437,2023-07-30
1438,Rider_1438,2023-01-18
1439,Rider_1439,2024-07-12
1440,Rider_1440,2024-10-15
1441,Rider_1441,2023-11-09
1442,Rider_1442,2023-09-18
1443,Rider_1443,2023-09-19
1444,Rider_1444,2024-04-10
1445,Rider_1445,2023-10-17
1446,Rider_1446,2024-07-29
1447,Rider_1447,2023-12-15
1448,Rider_1448,2024-12-24
1449,Rider_1449,2024-07-07
1450,Rider_1450,2023-06-09
1451,Rider_1451,2023-05-22
1452,Rider_1452,2024-05-21
1453,Rider_1453,2024-04-23
1454,Rider_1454,2023-11-30
1455,Rider_1455,2023-10-02
1456,Rider_1456,2023-05-22
1457,Rider_1457,2023-11-21
1458,Rider_1458,2024-10-25
1459,Rider_1459,2023-05-13
1460,Rider_1460,2023-01-24
1461,Rider_1461,2023-01-28
1462,Rider_1462,2024-01-07
1463,Rider_1463,2024-10-07
1464,Rider_1464,2024-12-10
1465,Rider_1465,2024-02-22
1466,Rider_1466,2023-08-18
1467,Rider_1467,2023-11-18
1468,Rider_1468,2023-09-14
1469,Rider_1469,2023-07-04
1470,Rider_1470,2023-07-06
1471,Rider_1471,2024-07-12
1472,Rider_1472,2023-03-11
1473,Rider_1473,2024-05-12
1474,Rider_1474,2024-05-17
1475,Rider_1475,2023-02-20
1476,Rider_1476,2023-02-04
1477,Rider_1477,2024-12-09
1478,Rider_1478,2024-07-12
1479,Rider_1479,2024-01-22
1480,Rider_1480,2024-06-15
1481,Rider_1481,2024-04-10
1482,Rider_1482,2024-06-14
1483,Rider_1483,2023-02-14
1484,Rider_1484,2024-12-20
1485,Rider_1485,2023-10-17
1486,Rider_1486,2023-05-03
1487,Rider_1487,2023-12-24
1488,Rider_1488,2024-02-02
1489,Rider_1489,2024-10-26
1490,Rider_1490,2024-01-17
1491,Rider_1491,2024-02-15
1492,Rider_1492,2024-12-09
1493,Rider_1493,2023-01-27
1494,Rider_1494,2024-05-26
1495,Rider_1495,2023-08-09
1496,Rider_1496,2024-03-26
1497,Rider_1497,2023-06-26
1498,Rider_1498,2024-12-12
1499,Rider_1499,2024-09-03
1500,Rider_1500,2023-10-09
1501,Rider_1501,2023-06-11
1502,Rider_1502,2024-12-06
1503,Rider_1503,2023-01-25
1504,Rider_1504,2023-07-18
1505,Rider_1505,2023-03-21
1506,Rider_1506,2023-11-08
1507,Rider_1507,2023-09-07
1508,Rider_1508,2024-02-20
1509,Rider_1509,2024-02-17
1510,Rider_1510,2024-06-25
1511,Rider_1511,2024-05-06
1512,Rider_1512,2023-02-25
1513,Rider_1513,2024-06-04
1514,Rider_1514,2023-05-25
1515,Rider_1515,2023-09-05
1516,Rider_1516,2023-05-18
1517,Rider_1517,2024-02-10
1518,Rider_1518,2023-11-25
1519,Rider_1519,2023-01-13
1520,Rider_1520,2023-07-05
1521,Rider_1521,2024-12-31
1522,Rider_1522,2023-03-25
1523,Rider_1523,2023-03-05
1524,Rider_1524,2024-05-14
1525,Rider_1525,2023-06-17
1526,Rider_1526,2023-05-16
1527,Rider_1527,2023-04-13
1528,Rider_1528,2024-01-10
1529,Rider_1529,2023-07-21
1530,Rider_1530,2023-01-08
1531,Rider_1531,2023-02-04
1532,Rider_1532,2023-08-13
1533,Rider_1533,2023-05-06
1534,Rider_1534,2023-11-27
1535,Rider_1535,2023-06-13
1536,Rider_1536,2023-07-16
1537,Rider_1537,2023-06-09
1538,Rider_1538,2023-10-19
1539,Rider_1539,2024-10-13
1540,Rider_1540,2024-09-20
1541,Rider_1541,2024-11-04
1542,Rider_1542,2023-11-30
1543,Rider_1543,2024-07-30
1544,Rider_1544,2023-05-07
1545,Rider_1545,2024-01-28
1546,Rider_1546,2023-05-15
1547,Rider_1547,2024-12-30
1548,Rider_1548,2023-05-25
1549,Rider_1549,2023-08-30
1550,Rider_1550,2024-03-01
1551,Rider_1551,2023-12-27
1552,Rider_1552,2023-05-23
1553,Rider_1553,2023-09-14
1554,Rider_1554,2024-12-03
1555,Rider_1555,2023-02-13
1556,Rider_1556,2023-02-10
1557,Rider_1557,2023-05-18
1558,Rider_1558,2023-07-30
1559,Rider_1559,2023-02-03
1560,Rider_1560,2024-09-01
1561,Rider_1561,2024-08-10
1562,Rider_1562,2024-11-06
1563,Rider_1563,2023-01-22
1564,Rider_1564,2024-05-12
1565,Rider_1565,2023-06-04
1566,Rider_1566,2023-12-16
1567,Rider_1567,2023-12-23
1568,Rider_1568,2024-08-07
1569,Rider_1569,2023-08-27
1570,Rider_1570,2023-04-04
1571,Rider_1571,2023-05-31
1572,Rider_1572,2024-07-24
1573,Rider_1573,2023-03-25
1574,Rider_1574,2024-08-02
1575,Rider_1575,2024-09-09
1576,Rider_1576,2024-10-06
1577,Rider_1577,2023-04-28
1578,Rider_1578,2024-05-02
1579,Rider_1579,2023-10-22
1580,Rider_1580,2024-03-20
1581,Rider_1581,2023-02-23
1582,Rider_1582,2023-09-14
1583,Rider_1583,2024-01-22
1584,Rider_1584,2023-09-30
1585,Rider_1585,2023-10-22
1586,Rider_1586,2023-10-10
1587,Rider_1587,2023-10-15
1588,Rider_1588,2023-04-03
1589,Rider_1589,2023-11-19
1590,Rider_1590,2023-10-29
1591,Rider_1591,2023-04-19
1592,Rider_1592,2024-04-01
1593,Rider_1593,2024-01-07
1594,Rider_1594,2024-03-05
1595,Rider_1595,2024-06-03
1596,Rider_1596,2024-09-15
1597,Rider_1597,2023-04-28
1598,Rider_1598,2023-05-14
1599,Rider_1599,2024-05-17
1600,Rider_1600,2024-06-10
1601,Rider_1601,2023-06-15
1602,Rider_1602,2023-01-28
1603,Rider_1603,2023-11-20
1604,Rider_1604,2023-08-03
1605,Rider_1605,2023-05-14
1606,Rider_1606,2023-01-29
1607,Rider_1607,2023-07-16
1608,Rider_1608,2023-01-20
1609,Rider_1609,2024-12-16
1610,Rider_1610,2023-02-04
1611,Rider_1611,2024-03-05
1612,Rider_1612,2023-12-01
1613,Rider_1613,2024-03-29
1614,Rider_1614,2023-03-07
1615,Rider_1615,2023-06-19
1616,Rider_1616,2023-08-23
1617,Rider_1617,2024-03-11
1618,Rider_1618,2024-08-25
1619,Rider_1619,2023-02-15
1620,Rider_1620,2024-08-02
1621,Rider_1621,2023-02-25
1622,Rider_1622,2023-03-12
1623,Rider_1623,2024-01-17
1624,Rider_1624,2024-07-23
1625,Rider_1625,2024-07-14
1626,Rider_1626,2024-12-15
1627,Rider_1627,2024-04-12
1628,Rider_1628,2023-09-14
1629,Rider_1629,2023-12-30
1630,Rider_1630,2023-02-26
1631,Rider_1631,2023-02-03
1632,Rider_1632,2024-10-22
1633,Rider_1633,2024-09-27
1634,Rider_1634,2024-02-09
1635,Rider_1635,2024-10-13
1636,Rider_1636,2024-01-30
1637,Rider_1637,2023-09-09
1638,Rider_1638,2024-10-24
1639,Rider_1639,2023-06-02
1640,Rider_1640,2023-11-04
1641,Rider_1641,2023-08-12
1642,Rider_1642,2024-01-30
1643,Rider_1643,2023-07-04
1644,Rider_1644,2024-06-04
1645,Rider_1645,2023-12-27
1646,Rider_1646,2024-09-02
1647,Rider_1647,2023-04-09
1648,Rider_1648,2023-04-27
1649,Rider_1649,2023-02-11
1650,Rider_1650,2024-02-16
1651,Rider_1651,2023-06-14
1652,Rider_1652,2023-07-13
1653,Rider_1653,2024-08-28
1654,Rider_1654,2024-08-05
1655,Rider_1655,2023-12-08
1656,Rider_1656,2023-06-28
1657,Rider_1657,2024-11-04
1658,Rider_1658,2023-08-21
1659,Rider_1659,2024-06-13
1660,Rider_1660,2024-03-23
1661,Rider_1661,2023-02-27
1662,Rider_1662,2024-12-14
1663,Rider_1663,2024-12-07
1664,Rider_1664,2024-10-02
1665,Rider_1665,2023-04-16
1666,Rider_1666,2023-11-26
1667,Rider_1667,2024-12-31
1668,Rider_1668,2023-06-21
1669,Rider_1669,2023-02-04
1670,Rider_1670,2023-05-07
1671,Rider_1671,2023-11-27
1672,Rider_1672,2023-04-07
1673,Rider_1673,2023-08-09
1674,Rider_1674,2024-03-28
1675,Rider_1675,2024-08-15
1676,Rider_1676,2023-05-12
1677,Rider_1677,2023-02-23
1678,Rider_1678,2024-07-20
1679,Rider_1679,2023-01-26
1680,Rider_1680,2023-04-16
1681,Rider_1681,2023-11-12
1682,Rider_1682,2024-05-03
1683,Rider_1683,2024-12-27
1684,Rider_1684,2023-07-04
1685,Rider_1685,2023-05-17
1686,Rider_1686,2023-03-13
1687,Rider_1687,2024-04-26
1688,Rider_1688,2023-08-05
1689,Rider_1689,2024-06-19
1690,Rider_1690,2023-10-28
1691,Rider_1691,2023-04-05
1692,Rider_1692,2023-02-23
1693,Rider_1693,2023-12-22
1694,Rider_1694,2024-06-03
1695,Rider_1695,2024-09-29
1696,Rider_1696,2024-05-26
1697,Rider_1697,2024-07-31
1698,Rider_1698,2023-12-26
1699,Rider_1699,2024-05-20
1700,Rider_1700,2024-03-02
1701,Rider_1701,2023-11-13
1702,Rider_1702,2024-12-13
1703,Rider_1703,2023-06-23
1704,Rider_1704,2024-08-12
1705,Rider_1705,2024-12-13
1706,Rider_1706,2023-08-22
1707,Rider_1707,2023-06-20
1708,Rider_1708,2023-04-27
1709,Rider_1709,2023-10-24
1710,Rider_1710,2024-10-20
1711,Rider_1711,2024-10-26
1712,Rider_1712,2024-09-25
1713,Rider_1713,2023-04-20
1714,Rider_1714,2024-02-13
1715,Rider_1715,2023-02-26
1716,Rider_1716,2023-04-05
1717,Rider_1717,2024-05-16
1718,Rider_1718,2023-05-14
1719,Rider_1719,2023-11-09
1720,Rider_1720,2023-06-13
1721,Rider_1721,2023-08-02
1722,Rider_1722,2023-01-23
1723,Rider_1723,2023-10-29
1724,Rider_1724,2024-03-28
1725,Rider_1725,2023-02-14
1726,Rider_1726,2023-05-06
1727,Rider_1727,2024-03-14
1728,Rider_1728,2023-04-05
1729,Rider_1729,2023-07-08
1730,Rider_1730,2024-01-27
1731,Rider_1731,2024-10-20
1732,Rider_1732,2023-02-12
1733,Rider_1733,2023-12-06
1734,Rider_1734,2023-06-03
1735,Rider_1735,2024-10-22
1736,Rider_1736,2024-04-07
1737,Rider_1737,2023-10-02
1738,Rider_1738,2023-10-12
1739,Rider_1739,2024-08-27
1740,Rider_1740,2023-04-06
1741,Rider_1741,2024-09-03
1742,Rider_1742,2024-08-04
1743,Rider_1743,2023-09-20
1744,Rider_1744,2024-06-17
1745,Rider_1745,2023-12-07
1746,Rider_1746,2023-11-25
1747,Rider_1747,2024-12-03
1748,Rider_1748,2024-02-22
1749,Rider_1749,2023-08-11
1750,Rider_1750,2023-09-15
1751,Rider_1751,2024-06-18
1752,Rider_1752,2024-09-22
1753,Rider_1753,2024-01-24
1754,Rider_1754,2023-05-26
1755,Rider_1755,2023-01-22
1756,Rider_1756,2024-07-28
1757,Rider_1757,2023-04-10
1758,Rider_1758,2024-02-24
1759,Rider_1759,2023-06-23
1760,Rider_1760,2023-05-03
1761,Rider_1761,2024-04-19
1762,Rider_1762,2024-02-28
1763,Rider_1763,2023-12-05
1764,Rider_1764,2024-12-19
1765,Rider_1765,2023-05-20
1766,Rider_1766,2023-11-30
1767,Rider_1767,2024-05-06
1768,Rider_1768,2024-04-12
1769,Rider_1769,2023-12-26
1770,Rider_1770,2023-09-05
1771,Rider_1771,2024-12-30
1772,Rider_1772,2024-03-19
1773,Rider_1773,2023-10-09
1774,Rider_1774,2023-10-08
1775,Rider_1775,2024-06-30
1776,Rider_1776,2023-01-09
1777,Rider_1777,2023-12-15
1778,Rider_1778,2023-09-18
1779,Rider_1779,2024-05-12
1780,Rider_1780,2023-02-20
1781,Rider_1781,2024-08-21
1782,Rider_1782,2023-04-20
1783,Rider_1783,2024-09-20
1784,Rider_1784,2024-12-11
1785,Rider_1785,2023-07-28
1786,Rider_1786,2024-02-16
1787,Rider_1787,2024-04-12
1788,Rider_1788,2024-09-19
1789,Rider_1789,2024-11-27
1790,Rider_1790,2024-02-26
1791,Rider_1791,2024-05-21
1792,Rider_1792,2024-05-12
1793,Rider_1793,2023-01-04
1794,Rider_1794,2024-09-04
1795,Rider_1795,2023-02-05
1796,Rider_1796,2024-05-14
1797,Rider_1797,2023-06-27
1798,Rider_1798,2023-01-25
1799,Rider_1799,2024-08-15
1800,Rider_1800,2023-01-30
1801,Rider_1801,2023-04-02
1802,Rider_1802,2023-06-08
1803,Rider_1803,2024-11-22
1804,Rider_1804,2023-06-04
1805,Rider_1805,2023-12-20
1806,Rider_1806,2023-08-27
1807,Rider_1807,2024-05-29
1808,Rider_1808,2023-04-01
1809,Rider_1809,2023-11-07
1810,Rider_1810,2023-07-26
1811,Rider_1811,2024-10-11
1812,Rider_1812,2024-02-28
1813,Rider_1813,2024-04-07
1814,Rider_1814,2023-08-29
1815,Rider_1815,2023-05-30
1816,Rider_1816,2024-03-11
1817,Rider_1817,2023-05-19
1818,Rider_1818,2023-07-13
1819,Rider_1819,2023-06-18
1820,Rider_1820,2023-03-23
1821,Rider_1821,2023-03-28
1822,Rider_1822,2024-01-24
1823,Rider_1823,2024-09-14
1824,Rider_1824,2024-07-22
1825,Rider_1825,2023-02-14
1826,Rider_1826,2023-10-18
1827,Rider_1827,2023-12-07
1828,Rider_1828,2023-10-09
1829,Rider_1829,2024-12-06
1830,Rider_1830,2024-10-06
1831,Rider_1831,2023-07-31
1832,Rider_1832,2023-09-06
1833,Rider_1833,2024-01-24
1834,Rider_1834,2024-12-26
1835,Rider_1835,2024-05-30
1836,Rider_1836,2023-07-17
1837,Rider_1837,2023-05-10
1838,Rider_1838,2024-12-06
1839,Rider_1839,2023-08-28
1840,Rider_1840,2024-03-03
1841,Rider_1841,2024-10-13
1842,Rider_1842,2023-08-18
1843,Rider_1843,2023-01-12
1844,Rider_1844,2024-07-30
1845,Rider_1845,2024-03-27
1846,Rider_1846,2023-05-19
1847,Rider_1847,2023-08-30
1848,Rider_1848,2024-08-04
1849,Rider_1849,2023-01-25
1850,Rider_1850,2023-05-16
1851,Rider_1851,2024-03-06
1852,Rider_1852,2023-02-03
1853,Rider_1853,2024-05-26
1854,Rider_1854,2023-09-14
1855,Rider_1855,2024-11-24
1856,Rider_1856,2024-08-23
1857,Rider_1857,2023-05-03
1858,Rider_1858,2024-06-12
1859,Rider_1859,2024-08-02
1860,Rider_1860,2023-05-27
1861,Rider_1861,2023-09-11
1862,Rider_1862,2024-04-12
1863,Rider_1863,2023-11-14
1864,Rider_1864,2023-09-16
1865,Rider_1865,2024-03-11
1866,Rider_1866,2024-09-20
1867,Rider_1867,2024-08-09
1868,Rider_1868,2023-10-10
1869,Rider_1869,2023-11-08
1870,Rider_1870,2024-03-31
1871,Rider_1871,2024-07-24
1872,Rider_1872,2023-04-25
1873,Rider_1873,2023-10-02
1874,Rider_1874,2024-09-04
1875,Rider_1875,2024-10-18
1876,Rider_1876,2023-11-14
1877,Rider_1877,2023-03-31
1878,Rider_1878,2024-01-13
1879,Rider_1879,2023-08-09
1880,Rider_1880,2023-11-06
1881,Rider_1881,2023-02-18
1882,Rider_1882,2024-05-04
1883,Rider_1883,2023-08-31
1884,Rider_1884,2024-10-18
1885,Rider_1885,2023-09-18
1886,Rider_1886,2023-07-05
1887,Rider_1887,2023-06-04
1888,Rider_1888,2023-07-23
1889,Rider_1889,2024-01-16
1890,Rider_1890,2024-04-17
1891,Rider_1891,2023-02-05
1892,Rider_1892,2024-09-12
1893,Rider_1893,2023-02-13
1894,Rider_1894,2024-01-31
1895,Rider_1895,2024-03-07
1896,Rider_1896,2024-06-07
1897,Rider_1897,2024-07-17
1898,Rider_1898,2023-04-05
1899,Rider_1899,2023-05-02
1900,Rider_1900,2024-02-09
1901,Rider_1901,2024-06-01
1902,Rider_1902,2023-01-14
1903,Rider_1903,2024-09-17
1904,Rider_1904,2023-12-27
1905,Rider_1905,2024-02-21
1906,Rider_1906,2023-03-18
1907,Rider_1907,2024-08-19
1908,Rider_1908,2023-03-28
1909,Rider_1909,2023-03-10
1910,Rider_1910,2024-01-29
1911,Rider_1911,2024-05-24
1912,Rider_1912,2023-07-25
1913,Rider_1913,2023-09-09
1914,Rider_1914,2023-08-30
1915,Rider_1915,2024-09-16
1916,Rider_1916,2023-10-08
1917,Rider_1917,2023-02-06
1918,Rider_1918,2023-09-30
1919,Rider_1919,2024-02-01
1920,Rider_1920,2024-03-04
1921,Rider_1921,2024-01-03
1922,Rider_1922,2023-06-15
1923,Rider_1923,2023-07-26
1924,Rider_1924,2024-12-10
1925,Rider_1925,2024-02-03
1926,Rider_1926,2023-09-20
1927,Rider_1927,2024-04-25
1928,Rider_1928,2023-09-09
1929,Rider_1929,2024-11-17
1930,Rider_1930,2023-01-29
1931,Rider_1931,2023-01-10
1932,Rider_1932,2024-02-17
1933,Rider_1933,2023-09-17
1934,Rider_1934,2024-04-09
1935,Rider_1935,2023-05-22
1936,Rider_1936,2023-03-08
1937,Rider_1937,2023-05-29
1938,Rider_1938,2024-10-01
1939,Rider_1939,2024-09-01
1940,Rider_1940,2023-03-07
1941,Rider_1941,2024-12-28
1942,Rider_1942,2024-01-07
1943,Rider_1943,2023-11-25
1944,Rider_1944,2023-01-17
1945,Rider_1945,2024-05-17
1946,Rider_1946,2023-03-20
1947,Rider_1947,2023-12-31
1948,Rider_1948,2023-07-21
1949,Rider_1949,2024-05-25
1950,Rider_1950,2023-11-03
1951,Rider_1951,2023-04-05
1952,Rider_1952,2023-11-11
1953,Rider_1953,2024-05-15
1954,Rider_1954,2023-11-27
1955,Rider_1955,2024-07-31
1956,Rider_1956,2023-06-13
1957,Rider_1957,2023-12-05
1958,Rider_1958,2024-12-21
1959,Rider_1959,2024-10-07
1960,Rider_1960,2024-02-10
1961,Rider_1961,2023-08-23
1962,Rider_1962,2023-11-28
1963,Rider_1963,2023-06-16
1964,Rider_1964,2023-02-14
1965,Rider_1965,2023-03-31
1966,Rider_1966,2024-04-18
1967,Rider_1967,2024-05-26
1968,Rider_1968,2023-09-09
1969,Rider_1969,2023-06-30
1970,Rider_1970,2023-02-13
1971,Rider_1971,2024-04-02
1972,Rider_1972,2023-04-13
1973,Rider_1973,2024-09-19
1974,Rider_1974,2023-04-19
1975,Rider_1975,2023-04-24
1976,Rider_1976,2024-07-30
1977,Rider_1977,2024-07-24
1978,Rider_1978,2024-01-02
1979,Rider_1979,2023-07-26
1980,Rider_1980,2024-11-01
1981,Rider_1981,2023-06-26
1982,Rider_1982,2023-02-17
1983,Rider_1983,2024-12-11
1984,Rider_1984,2023-02-13
1985,Rider_1985,2023-06-05
1986,Rider_1986,2024-12-28
1987,Rider_1987,2023-10-19
1988,Rider_1988,2023-07-20
1989,Rider_1989,2024-03-26
1990,Rider_1990,2023-05-04
1991,Rider_1991,2023-08-15
1992,Rider_1992,2024-06-29
1993,Rider_1993,2024-09-27
1994,Rider_1994,2023-03-31
1995,Rider_1995,2024-08-06
1996,Rider_1996,2024-11-25
1997,Rider_1997,2024-06-15
1998,Rider_1998,2024-10-30
1999,Rider_1999,2024-03-26
2000,Rider_2000,2023-06-02
